Test Data,,,,,,,,,,
Type,Propeller,Throttle,Voltage (V),Current (A),Power (W),RPM,Torque (N*m),Thrust (g),Efficiency (g/W),Operating Temperature (?)
AT5220-A Long Shaft KV380,APC 18*8,40%,22.02,8.48,186.8,3491,0.373,1426,7.63,74
,,45%,21.96,11.05,242.62,3867,0.47,1757,7.24,
,,50%,21.83,17.22,375.97,4437,0.614,2367,6.29,
,,55%,21.74,21.32,463.48,4818,0.724,2787,6.01,
,,60%,21.63,26.63,576.14,5238,0.854,3273,5.68,
,,65%,21.53,31.43,676.66,5536,0.939,3696,5.46,
,,70%,21.41,37.34,799.35,5876,1.054,4117,5.15,
,,75%,21.24,44.95,954.74,6211,1.26,4560,4.78,
,,80%,21.09,51.43,1084.83,6476,1.518,5000,4.61,
,,90%,20.78,66.45,1380.62,7006,1.698,5903,4.28,
,,100%,20.43,82.27,1680.38,7422,1.9,6733,4.01,
,,,,,,,,,,
,,,,,,,,,,
,,,,,,,,,,
,,,,,,,,,,
,,,,,,,,,,
,,,,,,,,,,
,,,,,,,,,,
,,,,,,,,,,
,,,,,,,,,,
,,,,,,,,,,
,,,,,,,,,,
,,,,,,,,,,
,,,,,,,,,,
,,,,,,,,,,
,,,,,,,,,,
,,,,,,,,,,
,,,,,,,,,,
,,,,,,,,,,
,,,,,,,,,,
,,,,,,,,,,
,,,,,,,,,,
,,,,,,,,,,
,,,,,,,,,,
